user_id,name,email,role
a9171823-6ada-4df6-a81b-784ee370f5f5,Arthur Lewis,alewis@tamu.edu,Testing Staff
6a8e9d21-bf0d-42b5-9bb5-e60a5e67aec0,Joann White,jwhite@tamu.edu,Coordinator
78b5afc8-38b5-4736-9780-b695f84c9caf,Brian Armstrong,barmstrong@tamu.edu,Tech Staff
ff72f125-ebf9-4b96-854d-50442a537840,Roger Terry,rterry@tamu.edu,Testing Staff
67aaab35-9cf9-462c-bfcb-e5be73edd8e7,Allison Wilson,awilson@tamu.edu,Testing Staff
235c0a03-4764-4186-b596-efb9e40ca9e7,Austin Farmer,afarmer@tamu.edu,Coordinator
bf5adeb1-cd55-49bd-a2b1-f9085a2c4e36,Kevin Hoover,khoover@tamu.edu,Tech Staff
1265f9bc-d487-4597-a362-6d9934f9c81c,Kaitlyn Sullivan,ksullivan@tamu.edu,Admin
25db4309-04c2-456d-a01c-43500249fe4e,Felicia Collins,fcollins@tamu.edu,Coordinator
52d3c069-e71a-4a0a-80fe-e2daeef56f5f,Emily Bender,ebender@tamu.edu,Tech Staff
96dd9548-4e5c-4c01-886f-56914e6565e4,Marie Carter,mcarter@tamu.edu,Tech Staff
4192d9af-6152-484e-8407-630249c9a002,James Wood,jwood@tamu.edu,Coordinator
7f5e7724-31a0-42cb-9dd3-7b5f219115f3,Holly Tran,htran@tamu.edu,Admin
70878d51-2234-495e-80e0-54cb22fc9e34,Jamie Small,jsmall@tamu.edu,Tech Staff
19915fcc-56fe-4dd8-acc4-a575ecf5d1b8,Mary Lynch,mlynch@tamu.edu,Tech Staff
c009bcb1-3586-4714-a8e1-45741da943d8,Derek Gillespie,dgillespie@tamu.edu,Tech Staff
9a64eb2a-0824-48a2-8416-dbd47728db26,Caleb Fleming,cfleming@tamu.edu,Admin
f42c071b-ca43-4d9a-b425-3a58bf11004b,Julia Ortega,jortega@tamu.edu,Admin
514e12f6-b53b-4277-b358-d805fa2dc763,Brent Jarvis,bjarvis@tamu.edu,Tech Staff
9f16cc7a-3f4b-48c1-8135-42faba72419b,Frances Williams,fwilliams@tamu.edu,Coordinator
5bfdc4c0-b034-4462-9691-5564ba17656d,Carolyn Webster,cwebster@tamu.edu,Admin
82549889-e7ca-4beb-bc7c-75810493c001,Amanda Perez,aperez@tamu.edu,Testing Staff
50f05d78-2778-4029-a1dd-fdf53f615219,Jessica Rangel,jrangel@tamu.edu,Admin
366a1779-78fa-4139-95f4-acf1737c68df,Rebecca Chambers,rchambers@tamu.edu,Coordinator
73f7939a-cba2-4632-ba51-0b585f9cd9f8,Carlos Chang,cchang@tamu.edu,Testing Staff
a2149936-d273-45a4-bad7-379b50b13aef,Jean Oneal,joneal@tamu.edu,Coordinator
02f38088-24e3-424d-8ff1-0ef6ecd0c221,Janet Warren,jwarren@tamu.edu,Coordinator
ca4c6793-9c57-486d-a1f6-96a5f340cc6c,Jacob Ford,jford@tamu.edu,Admin
e05f7333-73a0-4a6e-8ca8-8304f0c111ff,William Perry,wperry@tamu.edu,Testing Staff
2c69c38b-bb99-4710-88d2-9b381ea2d259,Anthony Burns,aburns@tamu.edu,Admin
557bed21-4397-497b-8da9-bd16383b0895,Scott Anderson,sanderson@tamu.edu,Tech Staff
032d4f0f-ad8e-484e-802c-c389ec7ad342,George Turner,gturner@tamu.edu,Coordinator
b3f8353d-1171-4403-8746-76cf5e820487,Jeffrey Alexander,jalexander@tamu.edu,Tech Staff
f7009e1f-53e2-4761-a6f0-e1b9d633b6ac,Taylor Smith,tsmith@tamu.edu,Testing Staff
2c43f03e-c985-4229-8925-2db1ed4dd548,Cheryl Brown,cbrown@tamu.edu,Tech Staff
84d60ef4-b128-40cd-94a8-946cfeb75dde,Alicia Brown,abrown@tamu.edu,Testing Staff
52d7c126-b6d0-458e-8a98-3a8f0bdf88ce,Jillian Smith MD,jsmith@tamu.edu,Admin
852b2af5-0933-44b4-aca5-1c7f39654c55,Lorraine Jones,ljones@tamu.edu,Tech Staff
a710bed8-b40d-4a37-a195-a1d751601a6f,Kevin Ortiz,kortiz@tamu.edu,Coordinator
b5f68c05-3e15-447e-a584-32e2d79bf2ae,Samantha Mccullough,smccullough@tamu.edu,Testing Staff
cf6b1261-e274-489d-b2d7-2c665ec26160,Lee Bishop,lbishop@tamu.edu,Coordinator
ceb52189-4e32-4589-af7b-2cc700f8ad05,John Macias,jmacias@tamu.edu,Testing Staff
f5983e8e-772e-495d-923f-6a8dcc2f3337,Duane Cowan,dcowan@tamu.edu,Coordinator
4f0a598c-8142-4925-856e-9fd8c8f3f5d1,Jennifer Wang,jwang@tamu.edu,Coordinator
44030716-05dd-4f5f-b0e9-515c422ba9b2,Melissa Young,myoung@tamu.edu,Tech Staff
3a568319-29ed-416d-92e9-1ce79c179567,Kyle Snow,ksnow@tamu.edu,Testing Staff
d741cb1c-5102-4c0a-8bfc-f8d486e87fc4,Robin Ayers,rayers@tamu.edu,Tech Staff
ef146da3-3470-46ab-8355-846d2cc25d8c,Richard Terry,rterry@tamu.edu,Coordinator
592fd927-73e1-4f71-85db-4cfe29a14653,Terrence Bruce,tbruce@tamu.edu,Tech Staff
cbc30a95-a0b6-4bd4-81d3-42e86bf877e0,Christina Gross,cgross@tamu.edu,Admin
7b312615-6888-410e-803d-79760d6689d1,Nancy Gonzalez,ngonzalez@tamu.edu,Coordinator
500fef87-d686-4779-9b3c-ba426a6fa7a7,David Johnson,djohnson@tamu.edu,Testing Staff
5a25f9f4-22f4-4421-9e65-9f3a11e21ae9,John Thomas,jthomas@tamu.edu,Tech Staff
b16e3861-24f5-4f48-9008-ccc26b57508f,Cynthia Romero,cromero@tamu.edu,Tech Staff
6c077f03-7282-44f6-be3b-5f7ac072c1b4,Robert Holt,rholt@tamu.edu,Coordinator
3c009fd3-40ee-43c9-b804-4a0586273fb7,Brandy Thornton,bthornton@tamu.edu,Tech Staff
52a861fe-eac7-47c8-ba35-3a4bf2349b7d,Richard Rubio,rrubio@tamu.edu,Admin
ea0df3eb-317c-4797-83da-101a92a6b64a,Drew Glass,dglass@tamu.edu,Testing Staff
3e9052bc-b530-4736-95f6-a97f326a8e0e,Amanda Jenkins,ajenkins@tamu.edu,Testing Staff
df9f2856-ca4b-4b7e-8bfc-516e4d508ca3,David Jacobs,djacobs@tamu.edu,Tech Staff
98981178-55dd-4ade-ae6e-132d9ab7d652,Jesse Pacheco,jpacheco@tamu.edu,Coordinator
1ce24e27-e96b-46bb-a627-1a755039d01e,Robert Smith,rsmith@tamu.edu,Tech Staff
c04e2b59-5c06-4558-8468-e918a2f9b9e5,Ronald Johnson Jr.,rjohnson@tamu.edu,Tech Staff
74b1362e-8995-4487-b1fb-d9f9de1312e5,Eric Thomas,ethomas@tamu.edu,Testing Staff
aa96a76d-faf4-4bf9-8d1d-823076f56581,Tara Reynolds,treynolds@tamu.edu,Testing Staff
aca3fed3-3a63-4a76-b169-f054bdfd3665,James Jordan,jjordan@tamu.edu,Testing Staff
57a6a376-2d3b-4e8c-a074-806439ae27de,Shannon Howard,showard@tamu.edu,Admin
4d55d4e4-940a-4985-9e07-bd74fc67d79a,Christina Martin,cmartin@tamu.edu,Testing Staff
4a6a2643-d5d0-4544-814e-12728cf9bdb5,Jacob Pittman,jpittman@tamu.edu,Testing Staff
f9f7a751-0323-4ce0-97f1-9351956afdee,Holly Stevens,hstevens@tamu.edu,Admin
383ce2d9-7679-41b2-ad6e-3e506d02627c,Robert Banks,rbanks@tamu.edu,Tech Staff
dfc279b1-dacb-481f-a7f8-4bd99401727c,Scott Dennis,sdennis@tamu.edu,Coordinator
23885a9c-fbd0-4ab1-8767-9f85ea3753d8,Mrs. Leslie Huber,mleslie@tamu.edu,Testing Staff
b9be1689-df71-4377-9f41-ced17e717883,Bailey Cochran,bcochran@tamu.edu,Admin
971ade95-cb8b-40c5-80fa-ac56de009a76,James Hampton,jhampton@tamu.edu,Admin
2526ef8d-4635-4b78-9bb2-996b1c7f9848,Karen Brooks,kbrooks@tamu.edu,Testing Staff
50798460-37ca-4ddb-b5c4-9e5fa56ee5b1,John Martinez,jmartinez@tamu.edu,Coordinator
021c7e36-ec56-4ec5-afb3-c3e92b0cae65,Randy Ayala,rayala@tamu.edu,Coordinator
c7f0d954-4eb4-4719-9f14-1f50e9ed8a13,Cody Rose,crose@tamu.edu,Testing Staff
bdd83452-7106-4ff7-b309-8e869305ee4c,Jo Hernandez DDS,jhernandez@tamu.edu,Admin
7cd6efe1-3e6d-4a88-9cf2-cb356aaabb50,Taylor Williams,twilliams@tamu.edu,Admin
03272193-246a-4f57-9c7b-a0db7d3f2d8c,Phyllis Rivers,privers@tamu.edu,Testing Staff
1c359709-6683-4d9f-8a5b-3d460c0e3c92,Vincent Parker,vparker@tamu.edu,Coordinator
da21b498-999b-480d-b37c-69d4e5f53696,Sara Peterson,speterson@tamu.edu,Coordinator
34baf628-9454-4366-ab85-e065d6c06fec,Jeffrey Parker,jparker@tamu.edu,Tech Staff
c16cef96-eafd-4228-8c5e-e61112a09d54,Jennifer Miller,jmiller@tamu.edu,Coordinator
23890ebd-cb31-4118-b740-64992baefc66,Doris Thomas,dthomas@tamu.edu,Coordinator
a4392720-7c72-4f9e-80a3-dea3da0635f2,Kaylee Mcgee,kmcgee@tamu.edu,Coordinator
29619440-ffcd-46b3-a688-cc62b8daf1a8,Jill Moore,jmoore@tamu.edu,Admin
afefb0da-b957-483e-b74d-0867493bba2f,Aaron Moon,amoon@tamu.edu,Admin
bf19c198-43d9-47dd-b169-1a2085b0ea2e,Sarah Cox,scox@tamu.edu,Testing Staff
ad1c0073-1c9b-4429-8cbf-8661ad6e34a2,April Reilly,areilly@tamu.edu,Coordinator
f234450b-08fa-4f7f-b0d2-d8b2a3c4904f,Thomas Williams,twilliams@tamu.edu,Testing Staff
2973aca2-f682-49b2-9863-982171c59200,Jasmine Cooper,jcooper@tamu.edu,Coordinator
f02fab96-fd8b-4364-9d18-5d722f25e86b,Benjamin Cox,bcox@tamu.edu,Coordinator
e2eece51-623b-4c4b-9990-4e17074fdbfb,April White,awhite@tamu.edu,Coordinator
f7df8960-ad4e-46a9-a8ee-2c38aa57992a,Tammy Walters,twalters@tamu.edu,Testing Staff
97ae5dec-8190-4c3b-a814-b5c97a8ff287,Daniel Cox,dcox@tamu.edu,Tech Staff
091ce6d4-fbfd-4d56-b119-a5005e2dff65,Vanessa Jones,vjones@tamu.edu,Testing Staff
1e34c266-1852-44d9-9422-46dc47844c72,Gregory Smith,gsmith@tamu.edu,Admin
8a2d5b72-33e1-4589-b78d-1de99e3910d4,Ashley Gould,agould@tamu.edu,Coordinator
4358bc0e-3e4c-4c95-b182-711987ffd9c6,Richard Vasquez,rvasquez@tamu.edu,Testing Staff
c637e0f2-e96f-4ff2-bb8b-2ecc3654f2a6,Rebecca Price,rprice@tamu.edu,Testing Staff
05e87c9f-512a-49fc-928f-deba9bc9e92c,Tina Diaz,tdiaz@tamu.edu,Tech Staff
6203e724-f2a3-4876-90e2-5db674321284,Elizabeth Barker,ebarker@tamu.edu,Tech Staff
5a98518c-01db-479d-8393-6c3dcb783608,Kristin Mcintyre,kmcintyre@tamu.edu,Testing Staff
a7c94b46-3c13-4813-8a06-272ee9a7e33f,Brian Smith,bsmith@tamu.edu,Testing Staff
976a8ce4-4374-4190-b970-24a03d3d16a0,Joshua Harrell,jharrell@tamu.edu,Tech Staff
1f790c86-298b-40f4-a961-a698dd9e23d4,Ashley Cruz,acruz@tamu.edu,Tech Staff
47898c9e-0094-49da-a9c3-3d0477f16df8,Steven Gill,sgill@tamu.edu,Testing Staff
cc62e286-2b4e-4a1d-a2f5-989c3801f043,Zachary Good,zgood@tamu.edu,Admin
2bbf60dc-c4e6-4515-8163-43c5bc648db2,Michael Fields,mfields@tamu.edu,Tech Staff
4ea8a3c0-d854-4732-8ec9-98e4528a5853,Mrs. Heather Meyer,mheather@tamu.edu,Coordinator
2efe5580-9c8d-49ad-b927-e88c76d8f324,John Ross,jross@tamu.edu,Coordinator
1bd369b1-93a9-4afe-95ea-93c211f3a6ad,Ashley Colon,acolon@tamu.edu,Admin
9bdba3e0-5df1-4dc6-a925-97db0dd37cf7,Christopher Marsh,cmarsh@tamu.edu,Tech Staff
9ad51f63-fc58-4d64-b31a-73ebdb8e637a,James King,jking@tamu.edu,Testing Staff
cbf6160d-5231-4cf9-b80b-0d35163eb341,Mary Hernandez,mhernandez@tamu.edu,Admin
2e88cad4-1af4-4b5c-8054-ce7349bfe9c9,Thomas Schultz,tschultz@tamu.edu,Admin
acbcde56-308b-4c49-8829-1a297e4b1258,Kristen Gentry,kgentry@tamu.edu,Admin
7fbdccff-fd31-47a0-9f08-a85e18e27263,Michele Martin,mmartin@tamu.edu,Admin
9ea58eb3-d11e-46f4-ab3f-a9ec0820cc62,Charles Elliott,celliott@tamu.edu,Admin
fc251832-2828-463e-be00-7c976ed42906,Christina Pacheco,cpacheco@tamu.edu,Coordinator
1c394c81-c7a9-487e-bc2f-24e88342b2c4,Sarah Byrd,sbyrd@tamu.edu,Testing Staff
44acc5ac-1971-471c-a2bb-5c94fe215ea0,Christian Bennett,cbennett@tamu.edu,Tech Staff
ab8ec7a4-75d4-4c25-8983-cd198ed500de,Jason Payne,jpayne@tamu.edu,Admin
45df602e-9e4a-492b-bd60-ce2b0aec842d,Brittany Smith,bsmith@tamu.edu,Coordinator
e8d88f90-f533-4c39-93e2-fc3a6d72b067,Kathy Scott,kscott@tamu.edu,Tech Staff
50197ebd-0685-4a25-b724-b3f7d6cc184c,Pamela Willis,pwillis@tamu.edu,Tech Staff
2f7c81e1-7f24-40be-a9d2-596c8910ecc4,David Daniel,ddaniel@tamu.edu,Testing Staff
5205ef02-0f83-4dd9-89fb-f7a3e50064a7,Mr. Jake Francis,mjake@tamu.edu,Testing Staff
04c6a462-4dcf-4d29-abc1-3aaf41159707,Isaiah Trevino,itrevino@tamu.edu,Tech Staff
c70501f1-4d13-43b0-8aaa-d0244db51dbf,Dana Walton,dwalton@tamu.edu,Coordinator
79f173bb-51cb-465e-8b22-e926019fd780,Anna Molina,amolina@tamu.edu,Tech Staff
d60790d5-8378-4cbe-ad42-b75b8751787e,Blake Peterson,bpeterson@tamu.edu,Tech Staff
bc85043c-110f-462c-a4e7-92a2cb78116b,Justin Perez,jperez@tamu.edu,Testing Staff
3015030d-34ad-44bf-be47-b047e5644989,Christine Carr,ccarr@tamu.edu,Tech Staff
332e9f96-76e3-4346-9e58-7dc2ad434302,Daniel Haas,dhaas@tamu.edu,Tech Staff
bd82c4ba-62bd-44ac-8b21-ca2cbf9e7846,James Mckenzie,jmckenzie@tamu.edu,Admin
9ad6343c-c342-47c8-8842-1eb1cf593094,Jessica Park,jpark@tamu.edu,Admin
5f4351b1-e69a-42e7-8cd5-e60ea3a5bfcf,Sally Rogers,srogers@tamu.edu,Admin
8689b206-f8d8-4bbb-b112-71e181bf8f26,Jeremy Stewart,jstewart@tamu.edu,Testing Staff
84f13069-7939-48d3-b4a1-c90496a22b46,Jodi Lewis,jlewis@tamu.edu,Tech Staff
47f065a1-fbe1-4afd-856f-cc0f20df7601,Charles Mccullough,cmccullough@tamu.edu,Coordinator
ad978319-9695-42fa-8e25-e18154b93b26,Emily Boyd,eboyd@tamu.edu,Tech Staff
09760ebe-966d-4819-b9b2-6b741353e094,Steven Phillips,sphillips@tamu.edu,Tech Staff
84077fd6-95e8-4c11-98e4-329510bc1c96,Allison Walls,awalls@tamu.edu,Testing Staff
299b8ea8-fcd7-4912-b05a-71ff40d05eb4,Chelsea Collins,ccollins@tamu.edu,Admin
9f43819a-3b12-4bc7-86f4-6e556dd442fc,Karen Rogers,krogers@tamu.edu,Tech Staff
ca774af3-d3ca-4302-b0e2-2bd7ae8a0a6c,Jennifer Moore,jmoore@tamu.edu,Tech Staff
f86e386e-6195-4a65-82b8-40c0929b7c8d,Vicki Johnson,vjohnson@tamu.edu,Admin
41bbbc56-b2b1-46b0-bf76-d6be8bbad5c5,Leslie Thomas,lthomas@tamu.edu,Tech Staff
8384c13c-25ce-4950-9694-798d2d50f46c,Jo Carr,jcarr@tamu.edu,Coordinator
76ce1fb9-3d28-42ba-bf80-b8e3bddd126e,Daniel Solis,dsolis@tamu.edu,Tech Staff
a52377e0-9f73-4b97-8978-11c9b367af90,Renee Murphy,rmurphy@tamu.edu,Admin
72fb67ab-5f15-433c-9593-c01c7be64142,Paul Hobbs,phobbs@tamu.edu,Admin
8e9ee135-5995-4f6f-9ce4-c932ada40edc,Aaron Smith,asmith@tamu.edu,Tech Staff
d0011c17-e62d-4761-88e4-a653c0d97ddc,Ashley Hall,ahall@tamu.edu,Testing Staff
6ab03e1c-15f2-4e85-a0eb-f6972c4be676,Hunter Jones,hjones@tamu.edu,Admin
9a5e0d7f-ffe9-4cd9-9318-f243d8b96dde,Edward Hart,ehart@tamu.edu,Admin
55859e7f-9714-49bf-b851-9e3e2705019e,Danielle Thomas,dthomas@tamu.edu,Coordinator
a7d1b8b0-06c9-42a2-a572-ef1734ea54b5,Pamela Jenkins,pjenkins@tamu.edu,Tech Staff
087f9e8e-9e61-4f0e-aa3c-f100d7c8df2d,Anthony Cain,acain@tamu.edu,Coordinator
d2aaf1c7-0fb2-4ea4-9232-8fa083896dbb,Ricardo Joseph,rjoseph@tamu.edu,Admin
4a88aa67-50c1-477c-995c-5561209276fc,Daniel Wood,dwood@tamu.edu,Tech Staff
e679f869-00fb-45cf-afa9-a7f9e098af76,Cynthia Rangel,crangel@tamu.edu,Coordinator
80a9ecc4-a4bd-41d9-b1f5-4e7e18b2db07,Toni Lopez,tlopez@tamu.edu,Tech Staff
0b730800-b918-4e4c-8750-248a34cc9726,Christopher Roach,croach@tamu.edu,Admin
7e3c6f43-9281-4ecb-aed1-c84f8316fea6,Dr. Dwayne Goodman,ddwayne@tamu.edu,Coordinator
8a583576-0602-49ea-888e-e0eed017965a,Veronica Mendez,vmendez@tamu.edu,Admin
dd6477a5-b53f-4453-8c3c-3014b5218018,Jesse Rodgers,jrodgers@tamu.edu,Testing Staff
c956104a-49fa-4841-b1fc-dd82bcfe0fe3,Raymond Wilcox,rwilcox@tamu.edu,Coordinator
801f09b9-64e8-4e23-ab69-a65ce92df94c,George Barker,gbarker@tamu.edu,Coordinator
f366c6e3-0354-4c50-aa65-1dea07fba9cc,Jonathan Glass,jglass@tamu.edu,Testing Staff
8f96d295-5077-4b8a-94da-69c781e15005,Christopher Collier,ccollier@tamu.edu,Testing Staff
9396cb62-40b0-436a-9702-c597327e8497,Alex Smith,asmith@tamu.edu,Admin
6443f2fe-5402-46bb-8327-dec04b10aeab,Richard Hodges,rhodges@tamu.edu,Admin
5c034232-f526-41e9-ae9d-ea35d04acba4,Jennifer White,jwhite@tamu.edu,Tech Staff
24c910ba-27e3-4a26-83b0-f217ef6615f4,Nicole Boone,nboone@tamu.edu,Admin
866e2316-f412-4ba2-b0b2-002f3ba89da9,Jeffery Adams,jadams@tamu.edu,Testing Staff
1a5d3c6a-4971-4ce1-bd9f-6947cd884c37,Toni Spencer,tspencer@tamu.edu,Admin
a056ca16-b073-4b48-935d-309fc2873927,Kelly Jones,kjones@tamu.edu,Testing Staff
e5bef546-96d3-4787-bfee-80207cb20aa1,Jacob Hardy,jhardy@tamu.edu,Coordinator
e80d48d3-b58e-4052-8f86-698f3166b71f,Mrs. Jessica Robinson,mjessica@tamu.edu,Coordinator
689cbec4-628a-4314-9b45-05a7727556d1,Matthew Allen,mallen@tamu.edu,Admin
7ae22e8c-0644-4e17-8936-182c636167fb,Robert Johnston,rjohnston@tamu.edu,Testing Staff
4f3b1cea-57ba-43a9-8156-e49313175e1a,Robert Hernandez,rhernandez@tamu.edu,Tech Staff
35d527d1-ac4a-4a40-9a70-8e0c8ddd1979,Lori Burnett,lburnett@tamu.edu,Coordinator
36ce0b66-6e61-4be5-be16-734f2cfca6bc,Miss Renee Taylor,mrenee@tamu.edu,Admin
dcfeedf5-0110-4d46-b782-6ca70db93ff6,Thomas Randall,trandall@tamu.edu,Admin
a6ccf4be-132e-407f-aa5f-5c949da2736d,Toni Peterson,tpeterson@tamu.edu,Coordinator
0e867290-677b-4855-948f-e397c28a4c8c,James Perez,jperez@tamu.edu,Coordinator
774a3436-07d1-4227-b209-df6b60439f87,Linda Wilson,lwilson@tamu.edu,Tech Staff
8eff7db9-24d6-4a5b-8c50-30bb2cbb121c,Scott Frederick,sfrederick@tamu.edu,Coordinator
455f276c-7fe9-48cb-b073-7113720a48fe,Matthew Reid,mreid@tamu.edu,Testing Staff
41fbc735-67f5-4401-950b-98f89d92f4a9,Edward Gonzalez,egonzalez@tamu.edu,Tech Staff
a8510983-4e53-4fbf-b36e-7a58d881a5af,Kaitlyn Lewis,klewis@tamu.edu,Coordinator
b813b387-dc88-4d2a-9ee6-5b5b605632a8,Gary Gray,ggray@tamu.edu,Coordinator
551cf23f-9932-4b44-8745-b909eec0e0a1,Noah Harrison,nharrison@tamu.edu,Tech Staff
143e7991-5533-43f7-9a4a-6026944a8a03,Mark Lopez,mlopez@tamu.edu,Admin
68944325-9afb-45a8-b514-35722787884b,Maria Clark,mclark@tamu.edu,Admin
8c5ebdae-2512-444e-bd49-e3e860982677,Victoria Morales DVM,vmorales@tamu.edu,Testing Staff
7707b589-8c1e-490f-90d4-f75214abc1f7,William Campbell,wcampbell@tamu.edu,Admin
a5671763-06dc-45d2-880c-46ee17e514f0,Michelle Watts,mwatts@tamu.edu,Testing Staff
4a320470-0dee-483e-9cd7-ca0300e7ae97,Monica Jordan,mjordan@tamu.edu,Testing Staff
058a4d7b-6d06-4dfc-a101-cb414665d2cc,Dr. Robert Jimenez,drobert@tamu.edu,Admin
73c713e1-7b48-4f3e-aa9c-c70dacb63af9,Vincent Stone,vstone@tamu.edu,Testing Staff
b70d6a58-890b-4d88-9574-92992be8b1a7,Mark Johnson,mjohnson@tamu.edu,Admin
19db5148-ecb9-4f42-8b3e-ea4bdd8ee7c2,Zachary Lopez,zlopez@tamu.edu,Testing Staff
b195c6ce-f317-4739-8a8e-97419f7bf8d6,Mike Newton,mnewton@tamu.edu,Admin
7cc32c56-8195-4920-893d-d3b89a62695d,Veronica Mitchell,vmitchell@tamu.edu,Tech Staff
c36c9192-d49c-413c-9e1e-1fb7d2a80295,Joan Russell,jrussell@tamu.edu,Testing Staff
355a244d-2158-48c6-941f-f63d149ba1e3,Geoffrey Scott,gscott@tamu.edu,Tech Staff
d97f074d-d49b-4eaf-b538-12dc8cb70cbc,Angela Copeland,acopeland@tamu.edu,Coordinator
120850ac-d0e5-4f61-ad9a-b031eb6c7d38,Sierra Williams,swilliams@tamu.edu,Testing Staff
44f7ca90-2c89-4c1d-9b18-ddb70b695697,Stephanie Rodriguez,srodriguez@tamu.edu,Coordinator
02a8289a-58ed-41b7-83da-b4b914b54f83,Michael Greene,mgreene@tamu.edu,Coordinator
34decd3d-eb72-4dc2-b0ae-4b59de3b9d11,Nathan Sanchez,nsanchez@tamu.edu,Admin
742407ad-ba1f-457a-94fe-4c8c85538390,John Turner,jturner@tamu.edu,Testing Staff
be2adba8-cb17-405a-9960-bc2adf032d73,Ashley Hammond,ahammond@tamu.edu,Coordinator
829c1d64-ef58-4315-a897-90254f5302aa,Amy Davis DDS,adavis@tamu.edu,Admin
7f587d63-6678-4715-a6fb-efb9960a28ca,Eddie Smith,esmith@tamu.edu,Admin
291a54f7-07ea-4470-a91b-dbdaf2643ee1,Emily Barker,ebarker@tamu.edu,Tech Staff
53edd4a5-3ecd-48cc-8019-f729d6f78c78,Tara Todd,ttodd@tamu.edu,Admin
c598e0d4-5d83-4962-af18-b313cf0092ad,Kimberly Hamilton,khamilton@tamu.edu,Tech Staff
97ba611a-44db-456d-b17e-447bff50db06,Kellie Huynh,khuynh@tamu.edu,Tech Staff
787494f5-278b-4387-9a00-8e42cd493a76,Ashley Bell,abell@tamu.edu,Tech Staff
da18ea52-1384-4b10-9733-de7536288faf,Samantha Leblanc MD,sleblanc@tamu.edu,Coordinator
7bda815a-9412-4af4-b327-a790c604df9b,Antonio Sanders,asanders@tamu.edu,Admin
289f1cb9-c4fd-4be6-9ebd-0e0294d59cc9,Andrea Lee,alee@tamu.edu,Testing Staff
f0ae2e30-fc3d-415d-96d2-5e82159279a3,Victor Andrade,vandrade@tamu.edu,Tech Staff
2c188cd8-3ce1-47a6-b601-72efb2c8d482,Sarah Nguyen,snguyen@tamu.edu,Tech Staff
9b3885a2-38cc-44c8-99c9-75efc9976d22,Matthew Young,myoung@tamu.edu,Testing Staff
c003aad2-2747-47f4-8327-a4187ce1a722,Micheal Rangel,mrangel@tamu.edu,Testing Staff
46722dac-421d-4d94-b783-606651337a86,Mike Wheeler,mwheeler@tamu.edu,Tech Staff
a8632be3-0e7e-457e-a893-2c3a51dd2aa8,Bonnie Barber,bbarber@tamu.edu,Coordinator
d2b05e54-00b6-4f4b-a827-1ed6213ad655,Alex Villegas,avillegas@tamu.edu,Coordinator
51f76967-a2ab-47cf-a582-f7ed2e7ce4cf,Melanie Williams,mwilliams@tamu.edu,Coordinator
eeb20c89-ef69-4cfa-ad14-3d6af363c77e,Emily Sexton,esexton@tamu.edu,Coordinator
faa27715-88be-4282-8b3e-4692f26b9fd4,Julia Ortiz,jortiz@tamu.edu,Testing Staff
58c2241f-7c32-4d4c-a7a8-13588eafe06d,Johnathan Carter,jcarter@tamu.edu,Coordinator
9e0e26f9-3301-4242-b7ec-26571d7a5841,Justin Palmer,jpalmer@tamu.edu,Testing Staff
581d524d-f844-45db-946b-97998e0485dd,Jeffrey Scott,jscott@tamu.edu,Admin
a2f0477c-4a90-468c-80bb-2e3357e7529e,Alexander Miller,amiller@tamu.edu,Testing Staff
3da44708-f444-484a-8e3b-3b81e0200f78,Chad Smith,csmith@tamu.edu,Coordinator
027c9a3f-d01f-43c0-bde7-46b3ffaa2983,Paul Frost,pfrost@tamu.edu,Tech Staff
42e418a2-c867-4fc8-9973-1e9650cf9adc,Catherine Perez,cperez@tamu.edu,Tech Staff
dbfbbe83-74c7-40c7-a2e3-a467380af4e3,John Johnson,jjohnson@tamu.edu,Admin
ab89e480-bcaa-401b-8ad2-048df1cdbe00,Justin Bates,jbates@tamu.edu,Coordinator
b2811a5c-8e20-48c7-bd23-d65e799ca7c5,Kenneth Harris,kharris@tamu.edu,Admin
445e8dd9-872e-40d8-bc26-316dd544020c,Laurie Young,lyoung@tamu.edu,Coordinator
63f7afcf-1e96-4326-b30e-35cbba062e4c,Theresa Chavez,tchavez@tamu.edu,Testing Staff
a69aa477-3a74-41b9-996d-99b9d2be3f94,Amy Castillo,acastillo@tamu.edu,Coordinator
748624ae-ea82-4516-883d-0fb8efbb3f77,Mary Anderson,manderson@tamu.edu,Coordinator
3b29717e-69d2-45ed-8ba2-a1ee33be44e4,Nicholas Gonzalez,ngonzalez@tamu.edu,Testing Staff
ca305ac9-a609-4685-b096-e975f809c58e,Omar Lara,olara@tamu.edu,Tech Staff
bdee5603-cf1e-49ef-9053-9d77f13d56f6,Veronica Nelson,vnelson@tamu.edu,Testing Staff
bd731030-adf2-4856-b632-7953a034de64,Robert Griffin,rgriffin@tamu.edu,Admin
866c0fe9-d7c7-45aa-860c-779a3e5ad9b5,Nathan Stephens,nstephens@tamu.edu,Coordinator
ba918af8-1481-4e86-adef-daddc7fb5bdc,Joseph Castillo,jcastillo@tamu.edu,Testing Staff
53fe32e3-d2db-45e9-a6e2-87bb03dbdfaf,Nathan Levy,nlevy@tamu.edu,Admin
3a9516d8-4f18-4d2e-9d6f-242ff74f7f26,William Jackson,wjackson@tamu.edu,Coordinator
d7d3b7dc-901f-4e91-b51b-3ecc8be0f6a2,Justin Brewer,jbrewer@tamu.edu,Coordinator
cbe91d0c-aecd-46cf-a9f2-9dca5cc6c916,Carrie Quinn,cquinn@tamu.edu,Tech Staff
9ab66df4-2898-4406-847d-ee454961f771,Mrs. Lisa Weiss,mlisa@tamu.edu,Testing Staff
f02ad7fe-9196-47bf-b76f-2ca98c3c91c0,Ronald Davis,rdavis@tamu.edu,Tech Staff
daa73a57-2c03-4551-8c07-598533f3c791,Carl Kelly,ckelly@tamu.edu,Coordinator
7c73e040-1574-43f6-978a-d0828334ff82,Scott Mcdaniel,smcdaniel@tamu.edu,Tech Staff
1845ed8c-c806-416f-b054-4ad21c0b5c18,Andrew Warren,awarren@tamu.edu,Tech Staff
7617cd14-3bc6-4d3c-af4a-97697e5d2ccb,John Nichols,jnichols@tamu.edu,Testing Staff
d7612934-cfd6-4a24-ad3a-b9ad84f1709b,Alexandria Navarro,anavarro@tamu.edu,Admin
c69fe59d-6516-4687-89fe-849bc5267c26,Megan Brown,mbrown@tamu.edu,Admin
eea2393d-ad77-4f35-9608-5baa05d2abb6,Reginald Brown,rbrown@tamu.edu,Coordinator
f991b5a0-15d3-4c9f-994b-1e65942cea4b,Joseph Lozano,jlozano@tamu.edu,Coordinator
708b2e3d-8dca-42cc-854b-8a6d8d3e949f,Cameron Ramirez,cramirez@tamu.edu,Testing Staff
3766d2f6-0704-4d7b-90ef-7195a26c9ce0,Pamela Miller,pmiller@tamu.edu,Admin
7ab6eaa9-9b99-4d0d-b7f1-7141d3c24610,George Fitzgerald,gfitzgerald@tamu.edu,Tech Staff
ff8c42b7-f031-455e-bb72-527339a90366,Russell Diaz,rdiaz@tamu.edu,Tech Staff
981f5833-1968-4da4-b0c0-d91375a00b59,Brandon Nguyen,bnguyen@tamu.edu,Admin
24629cdd-ca90-472b-a267-a736abf0d2a1,Breanna Gallegos,bgallegos@tamu.edu,Admin
